,dataset_name,model_name,x_type,edge_type,mean_test_accuracy,test_accuracies,num_epochs,model_params,noise_info,repeat_num
0,Cora,GNN,x,edge_removal_all_edges__noiselvl-0,0.805,"0.814,0.804,0.796",25,"{'in_channels': 1433, 'hidden_channels': 30, 'out_channels': 7, 'num_layers': 2, 'dropout': 0.2, 'aggr': 'add'}","{'noise_type': 'edge_removal', 'strategy': 'all_edges', 'params': {'data': Data(x=[2708, 1433], edge_index=[2, 10556], y=[2708], train_mask=[2708], val_mask=[2708], test_mask=[2708], edge_index_added_n_0.15=[2, 12138], feature_noise__noiselvl-0=[2708, 1433], feature_noise__noiselvl-0.01=[2708, 1433], feature_noise__noiselvl-0.05=[2708, 1433], feature_noise__noiselvl-0.1=[2708, 1433], feature_noise__noiselvl-0.15=[2708, 1433], feature_noise__noiselvl-0.3=[2708, 1433], feature_noise__noiselvl-0.45=[2708, 1433], feature_noise__noiselvl-0.6=[2708, 1433], feature_noise__noiselvl-0.9=[2708, 1433], feature_noise__noiselvl-0.95=[2708, 1433], feature_noise__noiselvl-0.99=[2708, 1433], feature_noise__noiselvl-1=[2708, 1433], edge_removal_all_edges__noiselvl-0=[2, 10556], edge_removal_all_edges__noiselvl-0.01=[2, 10450], edge_removal_all_edges__noiselvl-0.05=[2, 10032], edge_removal_all_edges__noiselvl-0.1=[2, 9530], edge_removal_all_edges__noiselvl-0.15=[2, 9032], edge_removal_all_edges__noiselvl-0.3=[2, 7652], edge_removal_all_edges__noiselvl-0.45=[2, 6340], edge_removal_all_edges__noiselvl-0.6=[2, 5210], edge_removal_all_edges__noiselvl-0.9=[2, 3224], edge_removal_all_edges__noiselvl-0.95=[2, 2904], edge_removal_all_edges__noiselvl-0.99=[2, 2722], edge_removal_all_edges__noiselvl-1=[2, 2590]), 'bidirectional': True, 'noise_level': 1}, 'noise_levels': [0, 0.01, 0.05, 0.1, 0.15, 0.3, 0.45, 0.6, 0.9, 0.95, 0.99, 1], 'noise_param_name': 'edges_to_remove_ratio'}",3
1,Cora,GNN,x,edge_removal_all_edges__noiselvl-0.01,0.798,"0.799,0.793,0.803",25,"{'in_channels': 1433, 'hidden_channels': 30, 'out_channels': 7, 'num_layers': 2, 'dropout': 0.2, 'aggr': 'add'}","{'noise_type': 'edge_removal', 'strategy': 'all_edges', 'params': {'data': Data(x=[2708, 1433], edge_index=[2, 10556], y=[2708], train_mask=[2708], val_mask=[2708], test_mask=[2708], edge_index_added_n_0.15=[2, 12138], feature_noise__noiselvl-0=[2708, 1433], feature_noise__noiselvl-0.01=[2708, 1433], feature_noise__noiselvl-0.05=[2708, 1433], feature_noise__noiselvl-0.1=[2708, 1433], feature_noise__noiselvl-0.15=[2708, 1433], feature_noise__noiselvl-0.3=[2708, 1433], feature_noise__noiselvl-0.45=[2708, 1433], feature_noise__noiselvl-0.6=[2708, 1433], feature_noise__noiselvl-0.9=[2708, 1433], feature_noise__noiselvl-0.95=[2708, 1433], feature_noise__noiselvl-0.99=[2708, 1433], feature_noise__noiselvl-1=[2708, 1433], edge_removal_all_edges__noiselvl-0=[2, 10556], edge_removal_all_edges__noiselvl-0.01=[2, 10450], edge_removal_all_edges__noiselvl-0.05=[2, 10032], edge_removal_all_edges__noiselvl-0.1=[2, 9530], edge_removal_all_edges__noiselvl-0.15=[2, 9032], edge_removal_all_edges__noiselvl-0.3=[2, 7652], edge_removal_all_edges__noiselvl-0.45=[2, 6340], edge_removal_all_edges__noiselvl-0.6=[2, 5210], edge_removal_all_edges__noiselvl-0.9=[2, 3224], edge_removal_all_edges__noiselvl-0.95=[2, 2904], edge_removal_all_edges__noiselvl-0.99=[2, 2722], edge_removal_all_edges__noiselvl-1=[2, 2590]), 'bidirectional': True, 'noise_level': 1}, 'noise_levels': [0, 0.01, 0.05, 0.1, 0.15, 0.3, 0.45, 0.6, 0.9, 0.95, 0.99, 1], 'noise_param_name': 'edges_to_remove_ratio'}",3
2,Cora,GNN,x,edge_removal_all_edges__noiselvl-0.05,0.789,"0.799,0.774,0.794",25,"{'in_channels': 1433, 'hidden_channels': 30, 'out_channels': 7, 'num_layers': 2, 'dropout': 0.2, 'aggr': 'add'}","{'noise_type': 'edge_removal', 'strategy': 'all_edges', 'params': {'data': Data(x=[2708, 1433], edge_index=[2, 10556], y=[2708], train_mask=[2708], val_mask=[2708], test_mask=[2708], edge_index_added_n_0.15=[2, 12138], feature_noise__noiselvl-0=[2708, 1433], feature_noise__noiselvl-0.01=[2708, 1433], feature_noise__noiselvl-0.05=[2708, 1433], feature_noise__noiselvl-0.1=[2708, 1433], feature_noise__noiselvl-0.15=[2708, 1433], feature_noise__noiselvl-0.3=[2708, 1433], feature_noise__noiselvl-0.45=[2708, 1433], feature_noise__noiselvl-0.6=[2708, 1433], feature_noise__noiselvl-0.9=[2708, 1433], feature_noise__noiselvl-0.95=[2708, 1433], feature_noise__noiselvl-0.99=[2708, 1433], feature_noise__noiselvl-1=[2708, 1433], edge_removal_all_edges__noiselvl-0=[2, 10556], edge_removal_all_edges__noiselvl-0.01=[2, 10450], edge_removal_all_edges__noiselvl-0.05=[2, 10032], edge_removal_all_edges__noiselvl-0.1=[2, 9530], edge_removal_all_edges__noiselvl-0.15=[2, 9032], edge_removal_all_edges__noiselvl-0.3=[2, 7652], edge_removal_all_edges__noiselvl-0.45=[2, 6340], edge_removal_all_edges__noiselvl-0.6=[2, 5210], edge_removal_all_edges__noiselvl-0.9=[2, 3224], edge_removal_all_edges__noiselvl-0.95=[2, 2904], edge_removal_all_edges__noiselvl-0.99=[2, 2722], edge_removal_all_edges__noiselvl-1=[2, 2590]), 'bidirectional': True, 'noise_level': 1}, 'noise_levels': [0, 0.01, 0.05, 0.1, 0.15, 0.3, 0.45, 0.6, 0.9, 0.95, 0.99, 1], 'noise_param_name': 'edges_to_remove_ratio'}",3
3,Cora,GNN,x,edge_removal_all_edges__noiselvl-0.1,0.793,"0.778,0.803,0.798",25,"{'in_channels': 1433, 'hidden_channels': 30, 'out_channels': 7, 'num_layers': 2, 'dropout': 0.2, 'aggr': 'add'}","{'noise_type': 'edge_removal', 'strategy': 'all_edges', 'params': {'data': Data(x=[2708, 1433], edge_index=[2, 10556], y=[2708], train_mask=[2708], val_mask=[2708], test_mask=[2708], edge_index_added_n_0.15=[2, 12138], feature_noise__noiselvl-0=[2708, 1433], feature_noise__noiselvl-0.01=[2708, 1433], feature_noise__noiselvl-0.05=[2708, 1433], feature_noise__noiselvl-0.1=[2708, 1433], feature_noise__noiselvl-0.15=[2708, 1433], feature_noise__noiselvl-0.3=[2708, 1433], feature_noise__noiselvl-0.45=[2708, 1433], feature_noise__noiselvl-0.6=[2708, 1433], feature_noise__noiselvl-0.9=[2708, 1433], feature_noise__noiselvl-0.95=[2708, 1433], feature_noise__noiselvl-0.99=[2708, 1433], feature_noise__noiselvl-1=[2708, 1433], edge_removal_all_edges__noiselvl-0=[2, 10556], edge_removal_all_edges__noiselvl-0.01=[2, 10450], edge_removal_all_edges__noiselvl-0.05=[2, 10032], edge_removal_all_edges__noiselvl-0.1=[2, 9530], edge_removal_all_edges__noiselvl-0.15=[2, 9032], edge_removal_all_edges__noiselvl-0.3=[2, 7652], edge_removal_all_edges__noiselvl-0.45=[2, 6340], edge_removal_all_edges__noiselvl-0.6=[2, 5210], edge_removal_all_edges__noiselvl-0.9=[2, 3224], edge_removal_all_edges__noiselvl-0.95=[2, 2904], edge_removal_all_edges__noiselvl-0.99=[2, 2722], edge_removal_all_edges__noiselvl-1=[2, 2590]), 'bidirectional': True, 'noise_level': 1}, 'noise_levels': [0, 0.01, 0.05, 0.1, 0.15, 0.3, 0.45, 0.6, 0.9, 0.95, 0.99, 1], 'noise_param_name': 'edges_to_remove_ratio'}",3
4,Cora,GNN,x,edge_removal_all_edges__noiselvl-0.15,0.791,"0.797,0.801,0.776",25,"{'in_channels': 1433, 'hidden_channels': 30, 'out_channels': 7, 'num_layers': 2, 'dropout': 0.2, 'aggr': 'add'}","{'noise_type': 'edge_removal', 'strategy': 'all_edges', 'params': {'data': Data(x=[2708, 1433], edge_index=[2, 10556], y=[2708], train_mask=[2708], val_mask=[2708], test_mask=[2708], edge_index_added_n_0.15=[2, 12138], feature_noise__noiselvl-0=[2708, 1433], feature_noise__noiselvl-0.01=[2708, 1433], feature_noise__noiselvl-0.05=[2708, 1433], feature_noise__noiselvl-0.1=[2708, 1433], feature_noise__noiselvl-0.15=[2708, 1433], feature_noise__noiselvl-0.3=[2708, 1433], feature_noise__noiselvl-0.45=[2708, 1433], feature_noise__noiselvl-0.6=[2708, 1433], feature_noise__noiselvl-0.9=[2708, 1433], feature_noise__noiselvl-0.95=[2708, 1433], feature_noise__noiselvl-0.99=[2708, 1433], feature_noise__noiselvl-1=[2708, 1433], edge_removal_all_edges__noiselvl-0=[2, 10556], edge_removal_all_edges__noiselvl-0.01=[2, 10450], edge_removal_all_edges__noiselvl-0.05=[2, 10032], edge_removal_all_edges__noiselvl-0.1=[2, 9530], edge_removal_all_edges__noiselvl-0.15=[2, 9032], edge_removal_all_edges__noiselvl-0.3=[2, 7652], edge_removal_all_edges__noiselvl-0.45=[2, 6340], edge_removal_all_edges__noiselvl-0.6=[2, 5210], edge_removal_all_edges__noiselvl-0.9=[2, 3224], edge_removal_all_edges__noiselvl-0.95=[2, 2904], edge_removal_all_edges__noiselvl-0.99=[2, 2722], edge_removal_all_edges__noiselvl-1=[2, 2590]), 'bidirectional': True, 'noise_level': 1}, 'noise_levels': [0, 0.01, 0.05, 0.1, 0.15, 0.3, 0.45, 0.6, 0.9, 0.95, 0.99, 1], 'noise_param_name': 'edges_to_remove_ratio'}",3
5,Cora,GNN,x,edge_removal_all_edges__noiselvl-0.3,0.793,"0.787,0.798,0.795",25,"{'in_channels': 1433, 'hidden_channels': 30, 'out_channels': 7, 'num_layers': 2, 'dropout': 0.2, 'aggr': 'add'}","{'noise_type': 'edge_removal', 'strategy': 'all_edges', 'params': {'data': Data(x=[2708, 1433], edge_index=[2, 10556], y=[2708], train_mask=[2708], val_mask=[2708], test_mask=[2708], edge_index_added_n_0.15=[2, 12138], feature_noise__noiselvl-0=[2708, 1433], feature_noise__noiselvl-0.01=[2708, 1433], feature_noise__noiselvl-0.05=[2708, 1433], feature_noise__noiselvl-0.1=[2708, 1433], feature_noise__noiselvl-0.15=[2708, 1433], feature_noise__noiselvl-0.3=[2708, 1433], feature_noise__noiselvl-0.45=[2708, 1433], feature_noise__noiselvl-0.6=[2708, 1433], feature_noise__noiselvl-0.9=[2708, 1433], feature_noise__noiselvl-0.95=[2708, 1433], feature_noise__noiselvl-0.99=[2708, 1433], feature_noise__noiselvl-1=[2708, 1433], edge_removal_all_edges__noiselvl-0=[2, 10556], edge_removal_all_edges__noiselvl-0.01=[2, 10450], edge_removal_all_edges__noiselvl-0.05=[2, 10032], edge_removal_all_edges__noiselvl-0.1=[2, 9530], edge_removal_all_edges__noiselvl-0.15=[2, 9032], edge_removal_all_edges__noiselvl-0.3=[2, 7652], edge_removal_all_edges__noiselvl-0.45=[2, 6340], edge_removal_all_edges__noiselvl-0.6=[2, 5210], edge_removal_all_edges__noiselvl-0.9=[2, 3224], edge_removal_all_edges__noiselvl-0.95=[2, 2904], edge_removal_all_edges__noiselvl-0.99=[2, 2722], edge_removal_all_edges__noiselvl-1=[2, 2590]), 'bidirectional': True, 'noise_level': 1}, 'noise_levels': [0, 0.01, 0.05, 0.1, 0.15, 0.3, 0.45, 0.6, 0.9, 0.95, 0.99, 1], 'noise_param_name': 'edges_to_remove_ratio'}",3
6,Cora,GNN,x,edge_removal_all_edges__noiselvl-0.45,0.77,"0.785,0.769,0.757",25,"{'in_channels': 1433, 'hidden_channels': 30, 'out_channels': 7, 'num_layers': 2, 'dropout': 0.2, 'aggr': 'add'}","{'noise_type': 'edge_removal', 'strategy': 'all_edges', 'params': {'data': Data(x=[2708, 1433], edge_index=[2, 10556], y=[2708], train_mask=[2708], val_mask=[2708], test_mask=[2708], edge_index_added_n_0.15=[2, 12138], feature_noise__noiselvl-0=[2708, 1433], feature_noise__noiselvl-0.01=[2708, 1433], feature_noise__noiselvl-0.05=[2708, 1433], feature_noise__noiselvl-0.1=[2708, 1433], feature_noise__noiselvl-0.15=[2708, 1433], feature_noise__noiselvl-0.3=[2708, 1433], feature_noise__noiselvl-0.45=[2708, 1433], feature_noise__noiselvl-0.6=[2708, 1433], feature_noise__noiselvl-0.9=[2708, 1433], feature_noise__noiselvl-0.95=[2708, 1433], feature_noise__noiselvl-0.99=[2708, 1433], feature_noise__noiselvl-1=[2708, 1433], edge_removal_all_edges__noiselvl-0=[2, 10556], edge_removal_all_edges__noiselvl-0.01=[2, 10450], edge_removal_all_edges__noiselvl-0.05=[2, 10032], edge_removal_all_edges__noiselvl-0.1=[2, 9530], edge_removal_all_edges__noiselvl-0.15=[2, 9032], edge_removal_all_edges__noiselvl-0.3=[2, 7652], edge_removal_all_edges__noiselvl-0.45=[2, 6340], edge_removal_all_edges__noiselvl-0.6=[2, 5210], edge_removal_all_edges__noiselvl-0.9=[2, 3224], edge_removal_all_edges__noiselvl-0.95=[2, 2904], edge_removal_all_edges__noiselvl-0.99=[2, 2722], edge_removal_all_edges__noiselvl-1=[2, 2590]), 'bidirectional': True, 'noise_level': 1}, 'noise_levels': [0, 0.01, 0.05, 0.1, 0.15, 0.3, 0.45, 0.6, 0.9, 0.95, 0.99, 1], 'noise_param_name': 'edges_to_remove_ratio'}",3
7,Cora,GNN,x,edge_removal_all_edges__noiselvl-0.6,0.772,"0.768,0.783,0.765",25,"{'in_channels': 1433, 'hidden_channels': 30, 'out_channels': 7, 'num_layers': 2, 'dropout': 0.2, 'aggr': 'add'}","{'noise_type': 'edge_removal', 'strategy': 'all_edges', 'params': {'data': Data(x=[2708, 1433], edge_index=[2, 10556], y=[2708], train_mask=[2708], val_mask=[2708], test_mask=[2708], edge_index_added_n_0.15=[2, 12138], feature_noise__noiselvl-0=[2708, 1433], feature_noise__noiselvl-0.01=[2708, 1433], feature_noise__noiselvl-0.05=[2708, 1433], feature_noise__noiselvl-0.1=[2708, 1433], feature_noise__noiselvl-0.15=[2708, 1433], feature_noise__noiselvl-0.3=[2708, 1433], feature_noise__noiselvl-0.45=[2708, 1433], feature_noise__noiselvl-0.6=[2708, 1433], feature_noise__noiselvl-0.9=[2708, 1433], feature_noise__noiselvl-0.95=[2708, 1433], feature_noise__noiselvl-0.99=[2708, 1433], feature_noise__noiselvl-1=[2708, 1433], edge_removal_all_edges__noiselvl-0=[2, 10556], edge_removal_all_edges__noiselvl-0.01=[2, 10450], edge_removal_all_edges__noiselvl-0.05=[2, 10032], edge_removal_all_edges__noiselvl-0.1=[2, 9530], edge_removal_all_edges__noiselvl-0.15=[2, 9032], edge_removal_all_edges__noiselvl-0.3=[2, 7652], edge_removal_all_edges__noiselvl-0.45=[2, 6340], edge_removal_all_edges__noiselvl-0.6=[2, 5210], edge_removal_all_edges__noiselvl-0.9=[2, 3224], edge_removal_all_edges__noiselvl-0.95=[2, 2904], edge_removal_all_edges__noiselvl-0.99=[2, 2722], edge_removal_all_edges__noiselvl-1=[2, 2590]), 'bidirectional': True, 'noise_level': 1}, 'noise_levels': [0, 0.01, 0.05, 0.1, 0.15, 0.3, 0.45, 0.6, 0.9, 0.95, 0.99, 1], 'noise_param_name': 'edges_to_remove_ratio'}",3
8,Cora,GNN,x,edge_removal_all_edges__noiselvl-0.9,0.764,"0.761,0.767,0.764",25,"{'in_channels': 1433, 'hidden_channels': 30, 'out_channels': 7, 'num_layers': 2, 'dropout': 0.2, 'aggr': 'add'}","{'noise_type': 'edge_removal', 'strategy': 'all_edges', 'params': {'data': Data(x=[2708, 1433], edge_index=[2, 10556], y=[2708], train_mask=[2708], val_mask=[2708], test_mask=[2708], edge_index_added_n_0.15=[2, 12138], feature_noise__noiselvl-0=[2708, 1433], feature_noise__noiselvl-0.01=[2708, 1433], feature_noise__noiselvl-0.05=[2708, 1433], feature_noise__noiselvl-0.1=[2708, 1433], feature_noise__noiselvl-0.15=[2708, 1433], feature_noise__noiselvl-0.3=[2708, 1433], feature_noise__noiselvl-0.45=[2708, 1433], feature_noise__noiselvl-0.6=[2708, 1433], feature_noise__noiselvl-0.9=[2708, 1433], feature_noise__noiselvl-0.95=[2708, 1433], feature_noise__noiselvl-0.99=[2708, 1433], feature_noise__noiselvl-1=[2708, 1433], edge_removal_all_edges__noiselvl-0=[2, 10556], edge_removal_all_edges__noiselvl-0.01=[2, 10450], edge_removal_all_edges__noiselvl-0.05=[2, 10032], edge_removal_all_edges__noiselvl-0.1=[2, 9530], edge_removal_all_edges__noiselvl-0.15=[2, 9032], edge_removal_all_edges__noiselvl-0.3=[2, 7652], edge_removal_all_edges__noiselvl-0.45=[2, 6340], edge_removal_all_edges__noiselvl-0.6=[2, 5210], edge_removal_all_edges__noiselvl-0.9=[2, 3224], edge_removal_all_edges__noiselvl-0.95=[2, 2904], edge_removal_all_edges__noiselvl-0.99=[2, 2722], edge_removal_all_edges__noiselvl-1=[2, 2590]), 'bidirectional': True, 'noise_level': 1}, 'noise_levels': [0, 0.01, 0.05, 0.1, 0.15, 0.3, 0.45, 0.6, 0.9, 0.95, 0.99, 1], 'noise_param_name': 'edges_to_remove_ratio'}",3
9,Cora,GNN,x,edge_removal_all_edges__noiselvl-0.95,0.77,"0.778,0.766,0.765",25,"{'in_channels': 1433, 'hidden_channels': 30, 'out_channels': 7, 'num_layers': 2, 'dropout': 0.2, 'aggr': 'add'}","{'noise_type': 'edge_removal', 'strategy': 'all_edges', 'params': {'data': Data(x=[2708, 1433], edge_index=[2, 10556], y=[2708], train_mask=[2708], val_mask=[2708], test_mask=[2708], edge_index_added_n_0.15=[2, 12138], feature_noise__noiselvl-0=[2708, 1433], feature_noise__noiselvl-0.01=[2708, 1433], feature_noise__noiselvl-0.05=[2708, 1433], feature_noise__noiselvl-0.1=[2708, 1433], feature_noise__noiselvl-0.15=[2708, 1433], feature_noise__noiselvl-0.3=[2708, 1433], feature_noise__noiselvl-0.45=[2708, 1433], feature_noise__noiselvl-0.6=[2708, 1433], feature_noise__noiselvl-0.9=[2708, 1433], feature_noise__noiselvl-0.95=[2708, 1433], feature_noise__noiselvl-0.99=[2708, 1433], feature_noise__noiselvl-1=[2708, 1433], edge_removal_all_edges__noiselvl-0=[2, 10556], edge_removal_all_edges__noiselvl-0.01=[2, 10450], edge_removal_all_edges__noiselvl-0.05=[2, 10032], edge_removal_all_edges__noiselvl-0.1=[2, 9530], edge_removal_all_edges__noiselvl-0.15=[2, 9032], edge_removal_all_edges__noiselvl-0.3=[2, 7652], edge_removal_all_edges__noiselvl-0.45=[2, 6340], edge_removal_all_edges__noiselvl-0.6=[2, 5210], edge_removal_all_edges__noiselvl-0.9=[2, 3224], edge_removal_all_edges__noiselvl-0.95=[2, 2904], edge_removal_all_edges__noiselvl-0.99=[2, 2722], edge_removal_all_edges__noiselvl-1=[2, 2590]), 'bidirectional': True, 'noise_level': 1}, 'noise_levels': [0, 0.01, 0.05, 0.1, 0.15, 0.3, 0.45, 0.6, 0.9, 0.95, 0.99, 1], 'noise_param_name': 'edges_to_remove_ratio'}",3
10,Cora,GNN,x,edge_removal_all_edges__noiselvl-0.99,0.719,"0.71,0.714,0.733",25,"{'in_channels': 1433, 'hidden_channels': 30, 'out_channels': 7, 'num_layers': 2, 'dropout': 0.2, 'aggr': 'add'}","{'noise_type': 'edge_removal', 'strategy': 'all_edges', 'params': {'data': Data(x=[2708, 1433], edge_index=[2, 10556], y=[2708], train_mask=[2708], val_mask=[2708], test_mask=[2708], edge_index_added_n_0.15=[2, 12138], feature_noise__noiselvl-0=[2708, 1433], feature_noise__noiselvl-0.01=[2708, 1433], feature_noise__noiselvl-0.05=[2708, 1433], feature_noise__noiselvl-0.1=[2708, 1433], feature_noise__noiselvl-0.15=[2708, 1433], feature_noise__noiselvl-0.3=[2708, 1433], feature_noise__noiselvl-0.45=[2708, 1433], feature_noise__noiselvl-0.6=[2708, 1433], feature_noise__noiselvl-0.9=[2708, 1433], feature_noise__noiselvl-0.95=[2708, 1433], feature_noise__noiselvl-0.99=[2708, 1433], feature_noise__noiselvl-1=[2708, 1433], edge_removal_all_edges__noiselvl-0=[2, 10556], edge_removal_all_edges__noiselvl-0.01=[2, 10450], edge_removal_all_edges__noiselvl-0.05=[2, 10032], edge_removal_all_edges__noiselvl-0.1=[2, 9530], edge_removal_all_edges__noiselvl-0.15=[2, 9032], edge_removal_all_edges__noiselvl-0.3=[2, 7652], edge_removal_all_edges__noiselvl-0.45=[2, 6340], edge_removal_all_edges__noiselvl-0.6=[2, 5210], edge_removal_all_edges__noiselvl-0.9=[2, 3224], edge_removal_all_edges__noiselvl-0.95=[2, 2904], edge_removal_all_edges__noiselvl-0.99=[2, 2722], edge_removal_all_edges__noiselvl-1=[2, 2590]), 'bidirectional': True, 'noise_level': 1}, 'noise_levels': [0, 0.01, 0.05, 0.1, 0.15, 0.3, 0.45, 0.6, 0.9, 0.95, 0.99, 1], 'noise_param_name': 'edges_to_remove_ratio'}",3
11,Cora,GNN,x,edge_removal_all_edges__noiselvl-1,0.734,"0.733,0.755,0.715",25,"{'in_channels': 1433, 'hidden_channels': 30, 'out_channels': 7, 'num_layers': 2, 'dropout': 0.2, 'aggr': 'add'}","{'noise_type': 'edge_removal', 'strategy': 'all_edges', 'params': {'data': Data(x=[2708, 1433], edge_index=[2, 10556], y=[2708], train_mask=[2708], val_mask=[2708], test_mask=[2708], edge_index_added_n_0.15=[2, 12138], feature_noise__noiselvl-0=[2708, 1433], feature_noise__noiselvl-0.01=[2708, 1433], feature_noise__noiselvl-0.05=[2708, 1433], feature_noise__noiselvl-0.1=[2708, 1433], feature_noise__noiselvl-0.15=[2708, 1433], feature_noise__noiselvl-0.3=[2708, 1433], feature_noise__noiselvl-0.45=[2708, 1433], feature_noise__noiselvl-0.6=[2708, 1433], feature_noise__noiselvl-0.9=[2708, 1433], feature_noise__noiselvl-0.95=[2708, 1433], feature_noise__noiselvl-0.99=[2708, 1433], feature_noise__noiselvl-1=[2708, 1433], edge_removal_all_edges__noiselvl-0=[2, 10556], edge_removal_all_edges__noiselvl-0.01=[2, 10450], edge_removal_all_edges__noiselvl-0.05=[2, 10032], edge_removal_all_edges__noiselvl-0.1=[2, 9530], edge_removal_all_edges__noiselvl-0.15=[2, 9032], edge_removal_all_edges__noiselvl-0.3=[2, 7652], edge_removal_all_edges__noiselvl-0.45=[2, 6340], edge_removal_all_edges__noiselvl-0.6=[2, 5210], edge_removal_all_edges__noiselvl-0.9=[2, 3224], edge_removal_all_edges__noiselvl-0.95=[2, 2904], edge_removal_all_edges__noiselvl-0.99=[2, 2722], edge_removal_all_edges__noiselvl-1=[2, 2590]), 'bidirectional': True, 'noise_level': 1}, 'noise_levels': [0, 0.01, 0.05, 0.1, 0.15, 0.3, 0.45, 0.6, 0.9, 0.95, 0.99, 1], 'noise_param_name': 'edges_to_remove_ratio'}",3
12,Cora,GAT,x,edge_removal_all_edges__noiselvl-0,0.769,"0.79,0.761,0.756",25,"{'in_channels': 1433, 'hidden_channels': 15, 'out_channels': 7, 'num_layers': 2, 'dropout': 0.2}","{'noise_type': 'edge_removal', 'strategy': 'all_edges', 'params': {'data': Data(x=[2708, 1433], edge_index=[2, 10556], y=[2708], train_mask=[2708], val_mask=[2708], test_mask=[2708], edge_index_added_n_0.15=[2, 12138], feature_noise__noiselvl-0=[2708, 1433], feature_noise__noiselvl-0.01=[2708, 1433], feature_noise__noiselvl-0.05=[2708, 1433], feature_noise__noiselvl-0.1=[2708, 1433], feature_noise__noiselvl-0.15=[2708, 1433], feature_noise__noiselvl-0.3=[2708, 1433], feature_noise__noiselvl-0.45=[2708, 1433], feature_noise__noiselvl-0.6=[2708, 1433], feature_noise__noiselvl-0.9=[2708, 1433], feature_noise__noiselvl-0.95=[2708, 1433], feature_noise__noiselvl-0.99=[2708, 1433], feature_noise__noiselvl-1=[2708, 1433], edge_removal_all_edges__noiselvl-0=[2, 10556], edge_removal_all_edges__noiselvl-0.01=[2, 10450], edge_removal_all_edges__noiselvl-0.05=[2, 10032], edge_removal_all_edges__noiselvl-0.1=[2, 9530], edge_removal_all_edges__noiselvl-0.15=[2, 9032], edge_removal_all_edges__noiselvl-0.3=[2, 7652], edge_removal_all_edges__noiselvl-0.45=[2, 6340], edge_removal_all_edges__noiselvl-0.6=[2, 5210], edge_removal_all_edges__noiselvl-0.9=[2, 3224], edge_removal_all_edges__noiselvl-0.95=[2, 2904], edge_removal_all_edges__noiselvl-0.99=[2, 2722], edge_removal_all_edges__noiselvl-1=[2, 2590]), 'bidirectional': True, 'noise_level': 1}, 'noise_levels': [0, 0.01, 0.05, 0.1, 0.15, 0.3, 0.45, 0.6, 0.9, 0.95, 0.99, 1], 'noise_param_name': 'edges_to_remove_ratio'}",3
13,Cora,GAT,x,edge_removal_all_edges__noiselvl-0.01,0.758,"0.744,0.734,0.795",25,"{'in_channels': 1433, 'hidden_channels': 15, 'out_channels': 7, 'num_layers': 2, 'dropout': 0.2}","{'noise_type': 'edge_removal', 'strategy': 'all_edges', 'params': {'data': Data(x=[2708, 1433], edge_index=[2, 10556], y=[2708], train_mask=[2708], val_mask=[2708], test_mask=[2708], edge_index_added_n_0.15=[2, 12138], feature_noise__noiselvl-0=[2708, 1433], feature_noise__noiselvl-0.01=[2708, 1433], feature_noise__noiselvl-0.05=[2708, 1433], feature_noise__noiselvl-0.1=[2708, 1433], feature_noise__noiselvl-0.15=[2708, 1433], feature_noise__noiselvl-0.3=[2708, 1433], feature_noise__noiselvl-0.45=[2708, 1433], feature_noise__noiselvl-0.6=[2708, 1433], feature_noise__noiselvl-0.9=[2708, 1433], feature_noise__noiselvl-0.95=[2708, 1433], feature_noise__noiselvl-0.99=[2708, 1433], feature_noise__noiselvl-1=[2708, 1433], edge_removal_all_edges__noiselvl-0=[2, 10556], edge_removal_all_edges__noiselvl-0.01=[2, 10450], edge_removal_all_edges__noiselvl-0.05=[2, 10032], edge_removal_all_edges__noiselvl-0.1=[2, 9530], edge_removal_all_edges__noiselvl-0.15=[2, 9032], edge_removal_all_edges__noiselvl-0.3=[2, 7652], edge_removal_all_edges__noiselvl-0.45=[2, 6340], edge_removal_all_edges__noiselvl-0.6=[2, 5210], edge_removal_all_edges__noiselvl-0.9=[2, 3224], edge_removal_all_edges__noiselvl-0.95=[2, 2904], edge_removal_all_edges__noiselvl-0.99=[2, 2722], edge_removal_all_edges__noiselvl-1=[2, 2590]), 'bidirectional': True, 'noise_level': 1}, 'noise_levels': [0, 0.01, 0.05, 0.1, 0.15, 0.3, 0.45, 0.6, 0.9, 0.95, 0.99, 1], 'noise_param_name': 'edges_to_remove_ratio'}",3
14,Cora,GAT,x,edge_removal_all_edges__noiselvl-0.05,0.738,"0.736,0.725,0.754",25,"{'in_channels': 1433, 'hidden_channels': 15, 'out_channels': 7, 'num_layers': 2, 'dropout': 0.2}","{'noise_type': 'edge_removal', 'strategy': 'all_edges', 'params': {'data': Data(x=[2708, 1433], edge_index=[2, 10556], y=[2708], train_mask=[2708], val_mask=[2708], test_mask=[2708], edge_index_added_n_0.15=[2, 12138], feature_noise__noiselvl-0=[2708, 1433], feature_noise__noiselvl-0.01=[2708, 1433], feature_noise__noiselvl-0.05=[2708, 1433], feature_noise__noiselvl-0.1=[2708, 1433], feature_noise__noiselvl-0.15=[2708, 1433], feature_noise__noiselvl-0.3=[2708, 1433], feature_noise__noiselvl-0.45=[2708, 1433], feature_noise__noiselvl-0.6=[2708, 1433], feature_noise__noiselvl-0.9=[2708, 1433], feature_noise__noiselvl-0.95=[2708, 1433], feature_noise__noiselvl-0.99=[2708, 1433], feature_noise__noiselvl-1=[2708, 1433], edge_removal_all_edges__noiselvl-0=[2, 10556], edge_removal_all_edges__noiselvl-0.01=[2, 10450], edge_removal_all_edges__noiselvl-0.05=[2, 10032], edge_removal_all_edges__noiselvl-0.1=[2, 9530], edge_removal_all_edges__noiselvl-0.15=[2, 9032], edge_removal_all_edges__noiselvl-0.3=[2, 7652], edge_removal_all_edges__noiselvl-0.45=[2, 6340], edge_removal_all_edges__noiselvl-0.6=[2, 5210], edge_removal_all_edges__noiselvl-0.9=[2, 3224], edge_removal_all_edges__noiselvl-0.95=[2, 2904], edge_removal_all_edges__noiselvl-0.99=[2, 2722], edge_removal_all_edges__noiselvl-1=[2, 2590]), 'bidirectional': True, 'noise_level': 1}, 'noise_levels': [0, 0.01, 0.05, 0.1, 0.15, 0.3, 0.45, 0.6, 0.9, 0.95, 0.99, 1], 'noise_param_name': 'edges_to_remove_ratio'}",3
15,Cora,GAT,x,edge_removal_all_edges__noiselvl-0.1,0.787,"0.791,0.773,0.797",25,"{'in_channels': 1433, 'hidden_channels': 15, 'out_channels': 7, 'num_layers': 2, 'dropout': 0.2}","{'noise_type': 'edge_removal', 'strategy': 'all_edges', 'params': {'data': Data(x=[2708, 1433], edge_index=[2, 10556], y=[2708], train_mask=[2708], val_mask=[2708], test_mask=[2708], edge_index_added_n_0.15=[2, 12138], feature_noise__noiselvl-0=[2708, 1433], feature_noise__noiselvl-0.01=[2708, 1433], feature_noise__noiselvl-0.05=[2708, 1433], feature_noise__noiselvl-0.1=[2708, 1433], feature_noise__noiselvl-0.15=[2708, 1433], feature_noise__noiselvl-0.3=[2708, 1433], feature_noise__noiselvl-0.45=[2708, 1433], feature_noise__noiselvl-0.6=[2708, 1433], feature_noise__noiselvl-0.9=[2708, 1433], feature_noise__noiselvl-0.95=[2708, 1433], feature_noise__noiselvl-0.99=[2708, 1433], feature_noise__noiselvl-1=[2708, 1433], edge_removal_all_edges__noiselvl-0=[2, 10556], edge_removal_all_edges__noiselvl-0.01=[2, 10450], edge_removal_all_edges__noiselvl-0.05=[2, 10032], edge_removal_all_edges__noiselvl-0.1=[2, 9530], edge_removal_all_edges__noiselvl-0.15=[2, 9032], edge_removal_all_edges__noiselvl-0.3=[2, 7652], edge_removal_all_edges__noiselvl-0.45=[2, 6340], edge_removal_all_edges__noiselvl-0.6=[2, 5210], edge_removal_all_edges__noiselvl-0.9=[2, 3224], edge_removal_all_edges__noiselvl-0.95=[2, 2904], edge_removal_all_edges__noiselvl-0.99=[2, 2722], edge_removal_all_edges__noiselvl-1=[2, 2590]), 'bidirectional': True, 'noise_level': 1}, 'noise_levels': [0, 0.01, 0.05, 0.1, 0.15, 0.3, 0.45, 0.6, 0.9, 0.95, 0.99, 1], 'noise_param_name': 'edges_to_remove_ratio'}",3
16,Cora,GAT,x,edge_removal_all_edges__noiselvl-0.15,0.752,"0.748,0.733,0.774",25,"{'in_channels': 1433, 'hidden_channels': 15, 'out_channels': 7, 'num_layers': 2, 'dropout': 0.2}","{'noise_type': 'edge_removal', 'strategy': 'all_edges', 'params': {'data': Data(x=[2708, 1433], edge_index=[2, 10556], y=[2708], train_mask=[2708], val_mask=[2708], test_mask=[2708], edge_index_added_n_0.15=[2, 12138], feature_noise__noiselvl-0=[2708, 1433], feature_noise__noiselvl-0.01=[2708, 1433], feature_noise__noiselvl-0.05=[2708, 1433], feature_noise__noiselvl-0.1=[2708, 1433], feature_noise__noiselvl-0.15=[2708, 1433], feature_noise__noiselvl-0.3=[2708, 1433], feature_noise__noiselvl-0.45=[2708, 1433], feature_noise__noiselvl-0.6=[2708, 1433], feature_noise__noiselvl-0.9=[2708, 1433], feature_noise__noiselvl-0.95=[2708, 1433], feature_noise__noiselvl-0.99=[2708, 1433], feature_noise__noiselvl-1=[2708, 1433], edge_removal_all_edges__noiselvl-0=[2, 10556], edge_removal_all_edges__noiselvl-0.01=[2, 10450], edge_removal_all_edges__noiselvl-0.05=[2, 10032], edge_removal_all_edges__noiselvl-0.1=[2, 9530], edge_removal_all_edges__noiselvl-0.15=[2, 9032], edge_removal_all_edges__noiselvl-0.3=[2, 7652], edge_removal_all_edges__noiselvl-0.45=[2, 6340], edge_removal_all_edges__noiselvl-0.6=[2, 5210], edge_removal_all_edges__noiselvl-0.9=[2, 3224], edge_removal_all_edges__noiselvl-0.95=[2, 2904], edge_removal_all_edges__noiselvl-0.99=[2, 2722], edge_removal_all_edges__noiselvl-1=[2, 2590]), 'bidirectional': True, 'noise_level': 1}, 'noise_levels': [0, 0.01, 0.05, 0.1, 0.15, 0.3, 0.45, 0.6, 0.9, 0.95, 0.99, 1], 'noise_param_name': 'edges_to_remove_ratio'}",3
17,Cora,GAT,x,edge_removal_all_edges__noiselvl-0.3,0.769,"0.762,0.763,0.782",25,"{'in_channels': 1433, 'hidden_channels': 15, 'out_channels': 7, 'num_layers': 2, 'dropout': 0.2}","{'noise_type': 'edge_removal', 'strategy': 'all_edges', 'params': {'data': Data(x=[2708, 1433], edge_index=[2, 10556], y=[2708], train_mask=[2708], val_mask=[2708], test_mask=[2708], edge_index_added_n_0.15=[2, 12138], feature_noise__noiselvl-0=[2708, 1433], feature_noise__noiselvl-0.01=[2708, 1433], feature_noise__noiselvl-0.05=[2708, 1433], feature_noise__noiselvl-0.1=[2708, 1433], feature_noise__noiselvl-0.15=[2708, 1433], feature_noise__noiselvl-0.3=[2708, 1433], feature_noise__noiselvl-0.45=[2708, 1433], feature_noise__noiselvl-0.6=[2708, 1433], feature_noise__noiselvl-0.9=[2708, 1433], feature_noise__noiselvl-0.95=[2708, 1433], feature_noise__noiselvl-0.99=[2708, 1433], feature_noise__noiselvl-1=[2708, 1433], edge_removal_all_edges__noiselvl-0=[2, 10556], edge_removal_all_edges__noiselvl-0.01=[2, 10450], edge_removal_all_edges__noiselvl-0.05=[2, 10032], edge_removal_all_edges__noiselvl-0.1=[2, 9530], edge_removal_all_edges__noiselvl-0.15=[2, 9032], edge_removal_all_edges__noiselvl-0.3=[2, 7652], edge_removal_all_edges__noiselvl-0.45=[2, 6340], edge_removal_all_edges__noiselvl-0.6=[2, 5210], edge_removal_all_edges__noiselvl-0.9=[2, 3224], edge_removal_all_edges__noiselvl-0.95=[2, 2904], edge_removal_all_edges__noiselvl-0.99=[2, 2722], edge_removal_all_edges__noiselvl-1=[2, 2590]), 'bidirectional': True, 'noise_level': 1}, 'noise_levels': [0, 0.01, 0.05, 0.1, 0.15, 0.3, 0.45, 0.6, 0.9, 0.95, 0.99, 1], 'noise_param_name': 'edges_to_remove_ratio'}",3
18,Cora,GAT,x,edge_removal_all_edges__noiselvl-0.45,0.77,"0.774,0.767,0.769",25,"{'in_channels': 1433, 'hidden_channels': 15, 'out_channels': 7, 'num_layers': 2, 'dropout': 0.2}","{'noise_type': 'edge_removal', 'strategy': 'all_edges', 'params': {'data': Data(x=[2708, 1433], edge_index=[2, 10556], y=[2708], train_mask=[2708], val_mask=[2708], test_mask=[2708], edge_index_added_n_0.15=[2, 12138], feature_noise__noiselvl-0=[2708, 1433], feature_noise__noiselvl-0.01=[2708, 1433], feature_noise__noiselvl-0.05=[2708, 1433], feature_noise__noiselvl-0.1=[2708, 1433], feature_noise__noiselvl-0.15=[2708, 1433], feature_noise__noiselvl-0.3=[2708, 1433], feature_noise__noiselvl-0.45=[2708, 1433], feature_noise__noiselvl-0.6=[2708, 1433], feature_noise__noiselvl-0.9=[2708, 1433], feature_noise__noiselvl-0.95=[2708, 1433], feature_noise__noiselvl-0.99=[2708, 1433], feature_noise__noiselvl-1=[2708, 1433], edge_removal_all_edges__noiselvl-0=[2, 10556], edge_removal_all_edges__noiselvl-0.01=[2, 10450], edge_removal_all_edges__noiselvl-0.05=[2, 10032], edge_removal_all_edges__noiselvl-0.1=[2, 9530], edge_removal_all_edges__noiselvl-0.15=[2, 9032], edge_removal_all_edges__noiselvl-0.3=[2, 7652], edge_removal_all_edges__noiselvl-0.45=[2, 6340], edge_removal_all_edges__noiselvl-0.6=[2, 5210], edge_removal_all_edges__noiselvl-0.9=[2, 3224], edge_removal_all_edges__noiselvl-0.95=[2, 2904], edge_removal_all_edges__noiselvl-0.99=[2, 2722], edge_removal_all_edges__noiselvl-1=[2, 2590]), 'bidirectional': True, 'noise_level': 1}, 'noise_levels': [0, 0.01, 0.05, 0.1, 0.15, 0.3, 0.45, 0.6, 0.9, 0.95, 0.99, 1], 'noise_param_name': 'edges_to_remove_ratio'}",3
19,Cora,GAT,x,edge_removal_all_edges__noiselvl-0.6,0.766,"0.779,0.765,0.755",25,"{'in_channels': 1433, 'hidden_channels': 15, 'out_channels': 7, 'num_layers': 2, 'dropout': 0.2}","{'noise_type': 'edge_removal', 'strategy': 'all_edges', 'params': {'data': Data(x=[2708, 1433], edge_index=[2, 10556], y=[2708], train_mask=[2708], val_mask=[2708], test_mask=[2708], edge_index_added_n_0.15=[2, 12138], feature_noise__noiselvl-0=[2708, 1433], feature_noise__noiselvl-0.01=[2708, 1433], feature_noise__noiselvl-0.05=[2708, 1433], feature_noise__noiselvl-0.1=[2708, 1433], feature_noise__noiselvl-0.15=[2708, 1433], feature_noise__noiselvl-0.3=[2708, 1433], feature_noise__noiselvl-0.45=[2708, 1433], feature_noise__noiselvl-0.6=[2708, 1433], feature_noise__noiselvl-0.9=[2708, 1433], feature_noise__noiselvl-0.95=[2708, 1433], feature_noise__noiselvl-0.99=[2708, 1433], feature_noise__noiselvl-1=[2708, 1433], edge_removal_all_edges__noiselvl-0=[2, 10556], edge_removal_all_edges__noiselvl-0.01=[2, 10450], edge_removal_all_edges__noiselvl-0.05=[2, 10032], edge_removal_all_edges__noiselvl-0.1=[2, 9530], edge_removal_all_edges__noiselvl-0.15=[2, 9032], edge_removal_all_edges__noiselvl-0.3=[2, 7652], edge_removal_all_edges__noiselvl-0.45=[2, 6340], edge_removal_all_edges__noiselvl-0.6=[2, 5210], edge_removal_all_edges__noiselvl-0.9=[2, 3224], edge_removal_all_edges__noiselvl-0.95=[2, 2904], edge_removal_all_edges__noiselvl-0.99=[2, 2722], edge_removal_all_edges__noiselvl-1=[2, 2590]), 'bidirectional': True, 'noise_level': 1}, 'noise_levels': [0, 0.01, 0.05, 0.1, 0.15, 0.3, 0.45, 0.6, 0.9, 0.95, 0.99, 1], 'noise_param_name': 'edges_to_remove_ratio'}",3
20,Cora,GAT,x,edge_removal_all_edges__noiselvl-0.9,0.741,"0.745,0.727,0.752",25,"{'in_channels': 1433, 'hidden_channels': 15, 'out_channels': 7, 'num_layers': 2, 'dropout': 0.2}","{'noise_type': 'edge_removal', 'strategy': 'all_edges', 'params': {'data': Data(x=[2708, 1433], edge_index=[2, 10556], y=[2708], train_mask=[2708], val_mask=[2708], test_mask=[2708], edge_index_added_n_0.15=[2, 12138], feature_noise__noiselvl-0=[2708, 1433], feature_noise__noiselvl-0.01=[2708, 1433], feature_noise__noiselvl-0.05=[2708, 1433], feature_noise__noiselvl-0.1=[2708, 1433], feature_noise__noiselvl-0.15=[2708, 1433], feature_noise__noiselvl-0.3=[2708, 1433], feature_noise__noiselvl-0.45=[2708, 1433], feature_noise__noiselvl-0.6=[2708, 1433], feature_noise__noiselvl-0.9=[2708, 1433], feature_noise__noiselvl-0.95=[2708, 1433], feature_noise__noiselvl-0.99=[2708, 1433], feature_noise__noiselvl-1=[2708, 1433], edge_removal_all_edges__noiselvl-0=[2, 10556], edge_removal_all_edges__noiselvl-0.01=[2, 10450], edge_removal_all_edges__noiselvl-0.05=[2, 10032], edge_removal_all_edges__noiselvl-0.1=[2, 9530], edge_removal_all_edges__noiselvl-0.15=[2, 9032], edge_removal_all_edges__noiselvl-0.3=[2, 7652], edge_removal_all_edges__noiselvl-0.45=[2, 6340], edge_removal_all_edges__noiselvl-0.6=[2, 5210], edge_removal_all_edges__noiselvl-0.9=[2, 3224], edge_removal_all_edges__noiselvl-0.95=[2, 2904], edge_removal_all_edges__noiselvl-0.99=[2, 2722], edge_removal_all_edges__noiselvl-1=[2, 2590]), 'bidirectional': True, 'noise_level': 1}, 'noise_levels': [0, 0.01, 0.05, 0.1, 0.15, 0.3, 0.45, 0.6, 0.9, 0.95, 0.99, 1], 'noise_param_name': 'edges_to_remove_ratio'}",3
21,Cora,GAT,x,edge_removal_all_edges__noiselvl-0.95,0.726,"0.73,0.714,0.733",25,"{'in_channels': 1433, 'hidden_channels': 15, 'out_channels': 7, 'num_layers': 2, 'dropout': 0.2}","{'noise_type': 'edge_removal', 'strategy': 'all_edges', 'params': {'data': Data(x=[2708, 1433], edge_index=[2, 10556], y=[2708], train_mask=[2708], val_mask=[2708], test_mask=[2708], edge_index_added_n_0.15=[2, 12138], feature_noise__noiselvl-0=[2708, 1433], feature_noise__noiselvl-0.01=[2708, 1433], feature_noise__noiselvl-0.05=[2708, 1433], feature_noise__noiselvl-0.1=[2708, 1433], feature_noise__noiselvl-0.15=[2708, 1433], feature_noise__noiselvl-0.3=[2708, 1433], feature_noise__noiselvl-0.45=[2708, 1433], feature_noise__noiselvl-0.6=[2708, 1433], feature_noise__noiselvl-0.9=[2708, 1433], feature_noise__noiselvl-0.95=[2708, 1433], feature_noise__noiselvl-0.99=[2708, 1433], feature_noise__noiselvl-1=[2708, 1433], edge_removal_all_edges__noiselvl-0=[2, 10556], edge_removal_all_edges__noiselvl-0.01=[2, 10450], edge_removal_all_edges__noiselvl-0.05=[2, 10032], edge_removal_all_edges__noiselvl-0.1=[2, 9530], edge_removal_all_edges__noiselvl-0.15=[2, 9032], edge_removal_all_edges__noiselvl-0.3=[2, 7652], edge_removal_all_edges__noiselvl-0.45=[2, 6340], edge_removal_all_edges__noiselvl-0.6=[2, 5210], edge_removal_all_edges__noiselvl-0.9=[2, 3224], edge_removal_all_edges__noiselvl-0.95=[2, 2904], edge_removal_all_edges__noiselvl-0.99=[2, 2722], edge_removal_all_edges__noiselvl-1=[2, 2590]), 'bidirectional': True, 'noise_level': 1}, 'noise_levels': [0, 0.01, 0.05, 0.1, 0.15, 0.3, 0.45, 0.6, 0.9, 0.95, 0.99, 1], 'noise_param_name': 'edges_to_remove_ratio'}",3
22,Cora,GAT,x,edge_removal_all_edges__noiselvl-0.99,0.733,"0.731,0.708,0.759",25,"{'in_channels': 1433, 'hidden_channels': 15, 'out_channels': 7, 'num_layers': 2, 'dropout': 0.2}","{'noise_type': 'edge_removal', 'strategy': 'all_edges', 'params': {'data': Data(x=[2708, 1433], edge_index=[2, 10556], y=[2708], train_mask=[2708], val_mask=[2708], test_mask=[2708], edge_index_added_n_0.15=[2, 12138], feature_noise__noiselvl-0=[2708, 1433], feature_noise__noiselvl-0.01=[2708, 1433], feature_noise__noiselvl-0.05=[2708, 1433], feature_noise__noiselvl-0.1=[2708, 1433], feature_noise__noiselvl-0.15=[2708, 1433], feature_noise__noiselvl-0.3=[2708, 1433], feature_noise__noiselvl-0.45=[2708, 1433], feature_noise__noiselvl-0.6=[2708, 1433], feature_noise__noiselvl-0.9=[2708, 1433], feature_noise__noiselvl-0.95=[2708, 1433], feature_noise__noiselvl-0.99=[2708, 1433], feature_noise__noiselvl-1=[2708, 1433], edge_removal_all_edges__noiselvl-0=[2, 10556], edge_removal_all_edges__noiselvl-0.01=[2, 10450], edge_removal_all_edges__noiselvl-0.05=[2, 10032], edge_removal_all_edges__noiselvl-0.1=[2, 9530], edge_removal_all_edges__noiselvl-0.15=[2, 9032], edge_removal_all_edges__noiselvl-0.3=[2, 7652], edge_removal_all_edges__noiselvl-0.45=[2, 6340], edge_removal_all_edges__noiselvl-0.6=[2, 5210], edge_removal_all_edges__noiselvl-0.9=[2, 3224], edge_removal_all_edges__noiselvl-0.95=[2, 2904], edge_removal_all_edges__noiselvl-0.99=[2, 2722], edge_removal_all_edges__noiselvl-1=[2, 2590]), 'bidirectional': True, 'noise_level': 1}, 'noise_levels': [0, 0.01, 0.05, 0.1, 0.15, 0.3, 0.45, 0.6, 0.9, 0.95, 0.99, 1], 'noise_param_name': 'edges_to_remove_ratio'}",3
23,Cora,GAT,x,edge_removal_all_edges__noiselvl-1,0.755,"0.763,0.728,0.775",25,"{'in_channels': 1433, 'hidden_channels': 15, 'out_channels': 7, 'num_layers': 2, 'dropout': 0.2}","{'noise_type': 'edge_removal', 'strategy': 'all_edges', 'params': {'data': Data(x=[2708, 1433], edge_index=[2, 10556], y=[2708], train_mask=[2708], val_mask=[2708], test_mask=[2708], edge_index_added_n_0.15=[2, 12138], feature_noise__noiselvl-0=[2708, 1433], feature_noise__noiselvl-0.01=[2708, 1433], feature_noise__noiselvl-0.05=[2708, 1433], feature_noise__noiselvl-0.1=[2708, 1433], feature_noise__noiselvl-0.15=[2708, 1433], feature_noise__noiselvl-0.3=[2708, 1433], feature_noise__noiselvl-0.45=[2708, 1433], feature_noise__noiselvl-0.6=[2708, 1433], feature_noise__noiselvl-0.9=[2708, 1433], feature_noise__noiselvl-0.95=[2708, 1433], feature_noise__noiselvl-0.99=[2708, 1433], feature_noise__noiselvl-1=[2708, 1433], edge_removal_all_edges__noiselvl-0=[2, 10556], edge_removal_all_edges__noiselvl-0.01=[2, 10450], edge_removal_all_edges__noiselvl-0.05=[2, 10032], edge_removal_all_edges__noiselvl-0.1=[2, 9530], edge_removal_all_edges__noiselvl-0.15=[2, 9032], edge_removal_all_edges__noiselvl-0.3=[2, 7652], edge_removal_all_edges__noiselvl-0.45=[2, 6340], edge_removal_all_edges__noiselvl-0.6=[2, 5210], edge_removal_all_edges__noiselvl-0.9=[2, 3224], edge_removal_all_edges__noiselvl-0.95=[2, 2904], edge_removal_all_edges__noiselvl-0.99=[2, 2722], edge_removal_all_edges__noiselvl-1=[2, 2590]), 'bidirectional': True, 'noise_level': 1}, 'noise_levels': [0, 0.01, 0.05, 0.1, 0.15, 0.3, 0.45, 0.6, 0.9, 0.95, 0.99, 1], 'noise_param_name': 'edges_to_remove_ratio'}",3
24,Cora,Graphsage,x,edge_removal_all_edges__noiselvl-0,0.786,"0.8,0.786,0.773",25,"{'in_channels': 1433, 'hidden_channels': 50, 'out_channels': 7, 'num_layers': 2, 'dropout': 0.3}","{'noise_type': 'edge_removal', 'strategy': 'all_edges', 'params': {'data': Data(x=[2708, 1433], edge_index=[2, 10556], y=[2708], train_mask=[2708], val_mask=[2708], test_mask=[2708], edge_index_added_n_0.15=[2, 12138], feature_noise__noiselvl-0=[2708, 1433], feature_noise__noiselvl-0.01=[2708, 1433], feature_noise__noiselvl-0.05=[2708, 1433], feature_noise__noiselvl-0.1=[2708, 1433], feature_noise__noiselvl-0.15=[2708, 1433], feature_noise__noiselvl-0.3=[2708, 1433], feature_noise__noiselvl-0.45=[2708, 1433], feature_noise__noiselvl-0.6=[2708, 1433], feature_noise__noiselvl-0.9=[2708, 1433], feature_noise__noiselvl-0.95=[2708, 1433], feature_noise__noiselvl-0.99=[2708, 1433], feature_noise__noiselvl-1=[2708, 1433], edge_removal_all_edges__noiselvl-0=[2, 10556], edge_removal_all_edges__noiselvl-0.01=[2, 10450], edge_removal_all_edges__noiselvl-0.05=[2, 10032], edge_removal_all_edges__noiselvl-0.1=[2, 9530], edge_removal_all_edges__noiselvl-0.15=[2, 9032], edge_removal_all_edges__noiselvl-0.3=[2, 7652], edge_removal_all_edges__noiselvl-0.45=[2, 6340], edge_removal_all_edges__noiselvl-0.6=[2, 5210], edge_removal_all_edges__noiselvl-0.9=[2, 3224], edge_removal_all_edges__noiselvl-0.95=[2, 2904], edge_removal_all_edges__noiselvl-0.99=[2, 2722], edge_removal_all_edges__noiselvl-1=[2, 2590]), 'bidirectional': True, 'noise_level': 1}, 'noise_levels': [0, 0.01, 0.05, 0.1, 0.15, 0.3, 0.45, 0.6, 0.9, 0.95, 0.99, 1], 'noise_param_name': 'edges_to_remove_ratio'}",3
25,Cora,Graphsage,x,edge_removal_all_edges__noiselvl-0.01,0.781,"0.793,0.778,0.772",25,"{'in_channels': 1433, 'hidden_channels': 50, 'out_channels': 7, 'num_layers': 2, 'dropout': 0.3}","{'noise_type': 'edge_removal', 'strategy': 'all_edges', 'params': {'data': Data(x=[2708, 1433], edge_index=[2, 10556], y=[2708], train_mask=[2708], val_mask=[2708], test_mask=[2708], edge_index_added_n_0.15=[2, 12138], feature_noise__noiselvl-0=[2708, 1433], feature_noise__noiselvl-0.01=[2708, 1433], feature_noise__noiselvl-0.05=[2708, 1433], feature_noise__noiselvl-0.1=[2708, 1433], feature_noise__noiselvl-0.15=[2708, 1433], feature_noise__noiselvl-0.3=[2708, 1433], feature_noise__noiselvl-0.45=[2708, 1433], feature_noise__noiselvl-0.6=[2708, 1433], feature_noise__noiselvl-0.9=[2708, 1433], feature_noise__noiselvl-0.95=[2708, 1433], feature_noise__noiselvl-0.99=[2708, 1433], feature_noise__noiselvl-1=[2708, 1433], edge_removal_all_edges__noiselvl-0=[2, 10556], edge_removal_all_edges__noiselvl-0.01=[2, 10450], edge_removal_all_edges__noiselvl-0.05=[2, 10032], edge_removal_all_edges__noiselvl-0.1=[2, 9530], edge_removal_all_edges__noiselvl-0.15=[2, 9032], edge_removal_all_edges__noiselvl-0.3=[2, 7652], edge_removal_all_edges__noiselvl-0.45=[2, 6340], edge_removal_all_edges__noiselvl-0.6=[2, 5210], edge_removal_all_edges__noiselvl-0.9=[2, 3224], edge_removal_all_edges__noiselvl-0.95=[2, 2904], edge_removal_all_edges__noiselvl-0.99=[2, 2722], edge_removal_all_edges__noiselvl-1=[2, 2590]), 'bidirectional': True, 'noise_level': 1}, 'noise_levels': [0, 0.01, 0.05, 0.1, 0.15, 0.3, 0.45, 0.6, 0.9, 0.95, 0.99, 1], 'noise_param_name': 'edges_to_remove_ratio'}",3
26,Cora,Graphsage,x,edge_removal_all_edges__noiselvl-0.05,0.78,"0.782,0.787,0.772",25,"{'in_channels': 1433, 'hidden_channels': 50, 'out_channels': 7, 'num_layers': 2, 'dropout': 0.3}","{'noise_type': 'edge_removal', 'strategy': 'all_edges', 'params': {'data': Data(x=[2708, 1433], edge_index=[2, 10556], y=[2708], train_mask=[2708], val_mask=[2708], test_mask=[2708], edge_index_added_n_0.15=[2, 12138], feature_noise__noiselvl-0=[2708, 1433], feature_noise__noiselvl-0.01=[2708, 1433], feature_noise__noiselvl-0.05=[2708, 1433], feature_noise__noiselvl-0.1=[2708, 1433], feature_noise__noiselvl-0.15=[2708, 1433], feature_noise__noiselvl-0.3=[2708, 1433], feature_noise__noiselvl-0.45=[2708, 1433], feature_noise__noiselvl-0.6=[2708, 1433], feature_noise__noiselvl-0.9=[2708, 1433], feature_noise__noiselvl-0.95=[2708, 1433], feature_noise__noiselvl-0.99=[2708, 1433], feature_noise__noiselvl-1=[2708, 1433], edge_removal_all_edges__noiselvl-0=[2, 10556], edge_removal_all_edges__noiselvl-0.01=[2, 10450], edge_removal_all_edges__noiselvl-0.05=[2, 10032], edge_removal_all_edges__noiselvl-0.1=[2, 9530], edge_removal_all_edges__noiselvl-0.15=[2, 9032], edge_removal_all_edges__noiselvl-0.3=[2, 7652], edge_removal_all_edges__noiselvl-0.45=[2, 6340], edge_removal_all_edges__noiselvl-0.6=[2, 5210], edge_removal_all_edges__noiselvl-0.9=[2, 3224], edge_removal_all_edges__noiselvl-0.95=[2, 2904], edge_removal_all_edges__noiselvl-0.99=[2, 2722], edge_removal_all_edges__noiselvl-1=[2, 2590]), 'bidirectional': True, 'noise_level': 1}, 'noise_levels': [0, 0.01, 0.05, 0.1, 0.15, 0.3, 0.45, 0.6, 0.9, 0.95, 0.99, 1], 'noise_param_name': 'edges_to_remove_ratio'}",3
27,Cora,Graphsage,x,edge_removal_all_edges__noiselvl-0.1,0.779,"0.768,0.784,0.784",25,"{'in_channels': 1433, 'hidden_channels': 50, 'out_channels': 7, 'num_layers': 2, 'dropout': 0.3}","{'noise_type': 'edge_removal', 'strategy': 'all_edges', 'params': {'data': Data(x=[2708, 1433], edge_index=[2, 10556], y=[2708], train_mask=[2708], val_mask=[2708], test_mask=[2708], edge_index_added_n_0.15=[2, 12138], feature_noise__noiselvl-0=[2708, 1433], feature_noise__noiselvl-0.01=[2708, 1433], feature_noise__noiselvl-0.05=[2708, 1433], feature_noise__noiselvl-0.1=[2708, 1433], feature_noise__noiselvl-0.15=[2708, 1433], feature_noise__noiselvl-0.3=[2708, 1433], feature_noise__noiselvl-0.45=[2708, 1433], feature_noise__noiselvl-0.6=[2708, 1433], feature_noise__noiselvl-0.9=[2708, 1433], feature_noise__noiselvl-0.95=[2708, 1433], feature_noise__noiselvl-0.99=[2708, 1433], feature_noise__noiselvl-1=[2708, 1433], edge_removal_all_edges__noiselvl-0=[2, 10556], edge_removal_all_edges__noiselvl-0.01=[2, 10450], edge_removal_all_edges__noiselvl-0.05=[2, 10032], edge_removal_all_edges__noiselvl-0.1=[2, 9530], edge_removal_all_edges__noiselvl-0.15=[2, 9032], edge_removal_all_edges__noiselvl-0.3=[2, 7652], edge_removal_all_edges__noiselvl-0.45=[2, 6340], edge_removal_all_edges__noiselvl-0.6=[2, 5210], edge_removal_all_edges__noiselvl-0.9=[2, 3224], edge_removal_all_edges__noiselvl-0.95=[2, 2904], edge_removal_all_edges__noiselvl-0.99=[2, 2722], edge_removal_all_edges__noiselvl-1=[2, 2590]), 'bidirectional': True, 'noise_level': 1}, 'noise_levels': [0, 0.01, 0.05, 0.1, 0.15, 0.3, 0.45, 0.6, 0.9, 0.95, 0.99, 1], 'noise_param_name': 'edges_to_remove_ratio'}",3
28,Cora,Graphsage,x,edge_removal_all_edges__noiselvl-0.15,0.765,"0.767,0.756,0.771",25,"{'in_channels': 1433, 'hidden_channels': 50, 'out_channels': 7, 'num_layers': 2, 'dropout': 0.3}","{'noise_type': 'edge_removal', 'strategy': 'all_edges', 'params': {'data': Data(x=[2708, 1433], edge_index=[2, 10556], y=[2708], train_mask=[2708], val_mask=[2708], test_mask=[2708], edge_index_added_n_0.15=[2, 12138], feature_noise__noiselvl-0=[2708, 1433], feature_noise__noiselvl-0.01=[2708, 1433], feature_noise__noiselvl-0.05=[2708, 1433], feature_noise__noiselvl-0.1=[2708, 1433], feature_noise__noiselvl-0.15=[2708, 1433], feature_noise__noiselvl-0.3=[2708, 1433], feature_noise__noiselvl-0.45=[2708, 1433], feature_noise__noiselvl-0.6=[2708, 1433], feature_noise__noiselvl-0.9=[2708, 1433], feature_noise__noiselvl-0.95=[2708, 1433], feature_noise__noiselvl-0.99=[2708, 1433], feature_noise__noiselvl-1=[2708, 1433], edge_removal_all_edges__noiselvl-0=[2, 10556], edge_removal_all_edges__noiselvl-0.01=[2, 10450], edge_removal_all_edges__noiselvl-0.05=[2, 10032], edge_removal_all_edges__noiselvl-0.1=[2, 9530], edge_removal_all_edges__noiselvl-0.15=[2, 9032], edge_removal_all_edges__noiselvl-0.3=[2, 7652], edge_removal_all_edges__noiselvl-0.45=[2, 6340], edge_removal_all_edges__noiselvl-0.6=[2, 5210], edge_removal_all_edges__noiselvl-0.9=[2, 3224], edge_removal_all_edges__noiselvl-0.95=[2, 2904], edge_removal_all_edges__noiselvl-0.99=[2, 2722], edge_removal_all_edges__noiselvl-1=[2, 2590]), 'bidirectional': True, 'noise_level': 1}, 'noise_levels': [0, 0.01, 0.05, 0.1, 0.15, 0.3, 0.45, 0.6, 0.9, 0.95, 0.99, 1], 'noise_param_name': 'edges_to_remove_ratio'}",3
29,Cora,Graphsage,x,edge_removal_all_edges__noiselvl-0.3,0.778,"0.784,0.775,0.776",25,"{'in_channels': 1433, 'hidden_channels': 50, 'out_channels': 7, 'num_layers': 2, 'dropout': 0.3}","{'noise_type': 'edge_removal', 'strategy': 'all_edges', 'params': {'data': Data(x=[2708, 1433], edge_index=[2, 10556], y=[2708], train_mask=[2708], val_mask=[2708], test_mask=[2708], edge_index_added_n_0.15=[2, 12138], feature_noise__noiselvl-0=[2708, 1433], feature_noise__noiselvl-0.01=[2708, 1433], feature_noise__noiselvl-0.05=[2708, 1433], feature_noise__noiselvl-0.1=[2708, 1433], feature_noise__noiselvl-0.15=[2708, 1433], feature_noise__noiselvl-0.3=[2708, 1433], feature_noise__noiselvl-0.45=[2708, 1433], feature_noise__noiselvl-0.6=[2708, 1433], feature_noise__noiselvl-0.9=[2708, 1433], feature_noise__noiselvl-0.95=[2708, 1433], feature_noise__noiselvl-0.99=[2708, 1433], feature_noise__noiselvl-1=[2708, 1433], edge_removal_all_edges__noiselvl-0=[2, 10556], edge_removal_all_edges__noiselvl-0.01=[2, 10450], edge_removal_all_edges__noiselvl-0.05=[2, 10032], edge_removal_all_edges__noiselvl-0.1=[2, 9530], edge_removal_all_edges__noiselvl-0.15=[2, 9032], edge_removal_all_edges__noiselvl-0.3=[2, 7652], edge_removal_all_edges__noiselvl-0.45=[2, 6340], edge_removal_all_edges__noiselvl-0.6=[2, 5210], edge_removal_all_edges__noiselvl-0.9=[2, 3224], edge_removal_all_edges__noiselvl-0.95=[2, 2904], edge_removal_all_edges__noiselvl-0.99=[2, 2722], edge_removal_all_edges__noiselvl-1=[2, 2590]), 'bidirectional': True, 'noise_level': 1}, 'noise_levels': [0, 0.01, 0.05, 0.1, 0.15, 0.3, 0.45, 0.6, 0.9, 0.95, 0.99, 1], 'noise_param_name': 'edges_to_remove_ratio'}",3
30,Cora,Graphsage,x,edge_removal_all_edges__noiselvl-0.45,0.761,"0.762,0.739,0.783",25,"{'in_channels': 1433, 'hidden_channels': 50, 'out_channels': 7, 'num_layers': 2, 'dropout': 0.3}","{'noise_type': 'edge_removal', 'strategy': 'all_edges', 'params': {'data': Data(x=[2708, 1433], edge_index=[2, 10556], y=[2708], train_mask=[2708], val_mask=[2708], test_mask=[2708], edge_index_added_n_0.15=[2, 12138], feature_noise__noiselvl-0=[2708, 1433], feature_noise__noiselvl-0.01=[2708, 1433], feature_noise__noiselvl-0.05=[2708, 1433], feature_noise__noiselvl-0.1=[2708, 1433], feature_noise__noiselvl-0.15=[2708, 1433], feature_noise__noiselvl-0.3=[2708, 1433], feature_noise__noiselvl-0.45=[2708, 1433], feature_noise__noiselvl-0.6=[2708, 1433], feature_noise__noiselvl-0.9=[2708, 1433], feature_noise__noiselvl-0.95=[2708, 1433], feature_noise__noiselvl-0.99=[2708, 1433], feature_noise__noiselvl-1=[2708, 1433], edge_removal_all_edges__noiselvl-0=[2, 10556], edge_removal_all_edges__noiselvl-0.01=[2, 10450], edge_removal_all_edges__noiselvl-0.05=[2, 10032], edge_removal_all_edges__noiselvl-0.1=[2, 9530], edge_removal_all_edges__noiselvl-0.15=[2, 9032], edge_removal_all_edges__noiselvl-0.3=[2, 7652], edge_removal_all_edges__noiselvl-0.45=[2, 6340], edge_removal_all_edges__noiselvl-0.6=[2, 5210], edge_removal_all_edges__noiselvl-0.9=[2, 3224], edge_removal_all_edges__noiselvl-0.95=[2, 2904], edge_removal_all_edges__noiselvl-0.99=[2, 2722], edge_removal_all_edges__noiselvl-1=[2, 2590]), 'bidirectional': True, 'noise_level': 1}, 'noise_levels': [0, 0.01, 0.05, 0.1, 0.15, 0.3, 0.45, 0.6, 0.9, 0.95, 0.99, 1], 'noise_param_name': 'edges_to_remove_ratio'}",3
31,Cora,Graphsage,x,edge_removal_all_edges__noiselvl-0.6,0.757,"0.755,0.762,0.755",25,"{'in_channels': 1433, 'hidden_channels': 50, 'out_channels': 7, 'num_layers': 2, 'dropout': 0.3}","{'noise_type': 'edge_removal', 'strategy': 'all_edges', 'params': {'data': Data(x=[2708, 1433], edge_index=[2, 10556], y=[2708], train_mask=[2708], val_mask=[2708], test_mask=[2708], edge_index_added_n_0.15=[2, 12138], feature_noise__noiselvl-0=[2708, 1433], feature_noise__noiselvl-0.01=[2708, 1433], feature_noise__noiselvl-0.05=[2708, 1433], feature_noise__noiselvl-0.1=[2708, 1433], feature_noise__noiselvl-0.15=[2708, 1433], feature_noise__noiselvl-0.3=[2708, 1433], feature_noise__noiselvl-0.45=[2708, 1433], feature_noise__noiselvl-0.6=[2708, 1433], feature_noise__noiselvl-0.9=[2708, 1433], feature_noise__noiselvl-0.95=[2708, 1433], feature_noise__noiselvl-0.99=[2708, 1433], feature_noise__noiselvl-1=[2708, 1433], edge_removal_all_edges__noiselvl-0=[2, 10556], edge_removal_all_edges__noiselvl-0.01=[2, 10450], edge_removal_all_edges__noiselvl-0.05=[2, 10032], edge_removal_all_edges__noiselvl-0.1=[2, 9530], edge_removal_all_edges__noiselvl-0.15=[2, 9032], edge_removal_all_edges__noiselvl-0.3=[2, 7652], edge_removal_all_edges__noiselvl-0.45=[2, 6340], edge_removal_all_edges__noiselvl-0.6=[2, 5210], edge_removal_all_edges__noiselvl-0.9=[2, 3224], edge_removal_all_edges__noiselvl-0.95=[2, 2904], edge_removal_all_edges__noiselvl-0.99=[2, 2722], edge_removal_all_edges__noiselvl-1=[2, 2590]), 'bidirectional': True, 'noise_level': 1}, 'noise_levels': [0, 0.01, 0.05, 0.1, 0.15, 0.3, 0.45, 0.6, 0.9, 0.95, 0.99, 1], 'noise_param_name': 'edges_to_remove_ratio'}",3
32,Cora,Graphsage,x,edge_removal_all_edges__noiselvl-0.9,0.729,"0.735,0.732,0.721",25,"{'in_channels': 1433, 'hidden_channels': 50, 'out_channels': 7, 'num_layers': 2, 'dropout': 0.3}","{'noise_type': 'edge_removal', 'strategy': 'all_edges', 'params': {'data': Data(x=[2708, 1433], edge_index=[2, 10556], y=[2708], train_mask=[2708], val_mask=[2708], test_mask=[2708], edge_index_added_n_0.15=[2, 12138], feature_noise__noiselvl-0=[2708, 1433], feature_noise__noiselvl-0.01=[2708, 1433], feature_noise__noiselvl-0.05=[2708, 1433], feature_noise__noiselvl-0.1=[2708, 1433], feature_noise__noiselvl-0.15=[2708, 1433], feature_noise__noiselvl-0.3=[2708, 1433], feature_noise__noiselvl-0.45=[2708, 1433], feature_noise__noiselvl-0.6=[2708, 1433], feature_noise__noiselvl-0.9=[2708, 1433], feature_noise__noiselvl-0.95=[2708, 1433], feature_noise__noiselvl-0.99=[2708, 1433], feature_noise__noiselvl-1=[2708, 1433], edge_removal_all_edges__noiselvl-0=[2, 10556], edge_removal_all_edges__noiselvl-0.01=[2, 10450], edge_removal_all_edges__noiselvl-0.05=[2, 10032], edge_removal_all_edges__noiselvl-0.1=[2, 9530], edge_removal_all_edges__noiselvl-0.15=[2, 9032], edge_removal_all_edges__noiselvl-0.3=[2, 7652], edge_removal_all_edges__noiselvl-0.45=[2, 6340], edge_removal_all_edges__noiselvl-0.6=[2, 5210], edge_removal_all_edges__noiselvl-0.9=[2, 3224], edge_removal_all_edges__noiselvl-0.95=[2, 2904], edge_removal_all_edges__noiselvl-0.99=[2, 2722], edge_removal_all_edges__noiselvl-1=[2, 2590]), 'bidirectional': True, 'noise_level': 1}, 'noise_levels': [0, 0.01, 0.05, 0.1, 0.15, 0.3, 0.45, 0.6, 0.9, 0.95, 0.99, 1], 'noise_param_name': 'edges_to_remove_ratio'}",3
33,Cora,Graphsage,x,edge_removal_all_edges__noiselvl-0.95,0.724,"0.732,0.712,0.727",25,"{'in_channels': 1433, 'hidden_channels': 50, 'out_channels': 7, 'num_layers': 2, 'dropout': 0.3}","{'noise_type': 'edge_removal', 'strategy': 'all_edges', 'params': {'data': Data(x=[2708, 1433], edge_index=[2, 10556], y=[2708], train_mask=[2708], val_mask=[2708], test_mask=[2708], edge_index_added_n_0.15=[2, 12138], feature_noise__noiselvl-0=[2708, 1433], feature_noise__noiselvl-0.01=[2708, 1433], feature_noise__noiselvl-0.05=[2708, 1433], feature_noise__noiselvl-0.1=[2708, 1433], feature_noise__noiselvl-0.15=[2708, 1433], feature_noise__noiselvl-0.3=[2708, 1433], feature_noise__noiselvl-0.45=[2708, 1433], feature_noise__noiselvl-0.6=[2708, 1433], feature_noise__noiselvl-0.9=[2708, 1433], feature_noise__noiselvl-0.95=[2708, 1433], feature_noise__noiselvl-0.99=[2708, 1433], feature_noise__noiselvl-1=[2708, 1433], edge_removal_all_edges__noiselvl-0=[2, 10556], edge_removal_all_edges__noiselvl-0.01=[2, 10450], edge_removal_all_edges__noiselvl-0.05=[2, 10032], edge_removal_all_edges__noiselvl-0.1=[2, 9530], edge_removal_all_edges__noiselvl-0.15=[2, 9032], edge_removal_all_edges__noiselvl-0.3=[2, 7652], edge_removal_all_edges__noiselvl-0.45=[2, 6340], edge_removal_all_edges__noiselvl-0.6=[2, 5210], edge_removal_all_edges__noiselvl-0.9=[2, 3224], edge_removal_all_edges__noiselvl-0.95=[2, 2904], edge_removal_all_edges__noiselvl-0.99=[2, 2722], edge_removal_all_edges__noiselvl-1=[2, 2590]), 'bidirectional': True, 'noise_level': 1}, 'noise_levels': [0, 0.01, 0.05, 0.1, 0.15, 0.3, 0.45, 0.6, 0.9, 0.95, 0.99, 1], 'noise_param_name': 'edges_to_remove_ratio'}",3
34,Cora,Graphsage,x,edge_removal_all_edges__noiselvl-0.99,0.725,"0.74,0.726,0.709",25,"{'in_channels': 1433, 'hidden_channels': 50, 'out_channels': 7, 'num_layers': 2, 'dropout': 0.3}","{'noise_type': 'edge_removal', 'strategy': 'all_edges', 'params': {'data': Data(x=[2708, 1433], edge_index=[2, 10556], y=[2708], train_mask=[2708], val_mask=[2708], test_mask=[2708], edge_index_added_n_0.15=[2, 12138], feature_noise__noiselvl-0=[2708, 1433], feature_noise__noiselvl-0.01=[2708, 1433], feature_noise__noiselvl-0.05=[2708, 1433], feature_noise__noiselvl-0.1=[2708, 1433], feature_noise__noiselvl-0.15=[2708, 1433], feature_noise__noiselvl-0.3=[2708, 1433], feature_noise__noiselvl-0.45=[2708, 1433], feature_noise__noiselvl-0.6=[2708, 1433], feature_noise__noiselvl-0.9=[2708, 1433], feature_noise__noiselvl-0.95=[2708, 1433], feature_noise__noiselvl-0.99=[2708, 1433], feature_noise__noiselvl-1=[2708, 1433], edge_removal_all_edges__noiselvl-0=[2, 10556], edge_removal_all_edges__noiselvl-0.01=[2, 10450], edge_removal_all_edges__noiselvl-0.05=[2, 10032], edge_removal_all_edges__noiselvl-0.1=[2, 9530], edge_removal_all_edges__noiselvl-0.15=[2, 9032], edge_removal_all_edges__noiselvl-0.3=[2, 7652], edge_removal_all_edges__noiselvl-0.45=[2, 6340], edge_removal_all_edges__noiselvl-0.6=[2, 5210], edge_removal_all_edges__noiselvl-0.9=[2, 3224], edge_removal_all_edges__noiselvl-0.95=[2, 2904], edge_removal_all_edges__noiselvl-0.99=[2, 2722], edge_removal_all_edges__noiselvl-1=[2, 2590]), 'bidirectional': True, 'noise_level': 1}, 'noise_levels': [0, 0.01, 0.05, 0.1, 0.15, 0.3, 0.45, 0.6, 0.9, 0.95, 0.99, 1], 'noise_param_name': 'edges_to_remove_ratio'}",3
35,Cora,Graphsage,x,edge_removal_all_edges__noiselvl-1,0.72,"0.715,0.724,0.721",25,"{'in_channels': 1433, 'hidden_channels': 50, 'out_channels': 7, 'num_layers': 2, 'dropout': 0.3}","{'noise_type': 'edge_removal', 'strategy': 'all_edges', 'params': {'data': Data(x=[2708, 1433], edge_index=[2, 10556], y=[2708], train_mask=[2708], val_mask=[2708], test_mask=[2708], edge_index_added_n_0.15=[2, 12138], feature_noise__noiselvl-0=[2708, 1433], feature_noise__noiselvl-0.01=[2708, 1433], feature_noise__noiselvl-0.05=[2708, 1433], feature_noise__noiselvl-0.1=[2708, 1433], feature_noise__noiselvl-0.15=[2708, 1433], feature_noise__noiselvl-0.3=[2708, 1433], feature_noise__noiselvl-0.45=[2708, 1433], feature_noise__noiselvl-0.6=[2708, 1433], feature_noise__noiselvl-0.9=[2708, 1433], feature_noise__noiselvl-0.95=[2708, 1433], feature_noise__noiselvl-0.99=[2708, 1433], feature_noise__noiselvl-1=[2708, 1433], edge_removal_all_edges__noiselvl-0=[2, 10556], edge_removal_all_edges__noiselvl-0.01=[2, 10450], edge_removal_all_edges__noiselvl-0.05=[2, 10032], edge_removal_all_edges__noiselvl-0.1=[2, 9530], edge_removal_all_edges__noiselvl-0.15=[2, 9032], edge_removal_all_edges__noiselvl-0.3=[2, 7652], edge_removal_all_edges__noiselvl-0.45=[2, 6340], edge_removal_all_edges__noiselvl-0.6=[2, 5210], edge_removal_all_edges__noiselvl-0.9=[2, 3224], edge_removal_all_edges__noiselvl-0.95=[2, 2904], edge_removal_all_edges__noiselvl-0.99=[2, 2722], edge_removal_all_edges__noiselvl-1=[2, 2590]), 'bidirectional': True, 'noise_level': 1}, 'noise_levels': [0, 0.01, 0.05, 0.1, 0.15, 0.3, 0.45, 0.6, 0.9, 0.95, 0.99, 1], 'noise_param_name': 'edges_to_remove_ratio'}",3
